{
  "accuracy": 0.6753678215472235,
  "macro_f1": 0.5326932269261758,
  "weighted_f1": 0.6457797298437092,
  "val_accuracy": 0.6774244581553551,
  "val_macro_f1": 0.5316141626363858,
  "run_id": "099e591bfc484621903b58719f3d36bc"
}