{
  "accuracy": 0.6867584242999525,
  "macro_f1": 0.5176340317620675,
  "weighted_f1": 0.6642554254199458,
  "val_accuracy": 0.6921373200442967,
  "val_macro_f1": 0.5236930775879429,
  "run_id": "ed6e97c444e14c10ad2177cd7fce980a"
}