{
  "accuracy": 0.7777883246321785,
  "macro_f1": 0.7562128272742419,
  "weighted_f1": 0.7766657473842421,
  "run_id": "b92f9e475541402a809a3a1885a15a7c"
}