{
  "accuracy": 0.7978168011390603,
  "macro_f1": 0.7729293607497271,
  "weighted_f1": 0.796930218034831,
  "val_accuracy": 0.7927543110267363,
  "val_macro_f1": 0.7672187273255149,
  "run_id": "c2d8795db2244584ac64279d4584c4e6"
}