{
  "accuracy": 0.7978168011390603,
  "macro_f1": 0.7729293607497271,
  "weighted_f1": 0.796930218034831,
  "val_accuracy": 0.7927543110267363,
  "val_macro_f1": 0.7672187273255149,
  "run_id": "cb80022fe0d941e6a1205f45708dfa75"
}