{
  "accuracy": 0.8041765543426673,
  "macro_f1": 0.7802953499406603,
  "weighted_f1": 0.8025312726577126,
  "val_accuracy": 0.8069925644676476,
  "val_macro_f1": 0.776662639241688,
  "run_id": "8fcc2fce7f8b4a7cbe1921817541fcd1"
}