{
  "accuracy": 0.8023134540627667,
  "macro_f1": 0.7766978173950967,
  "weighted_f1": 0.8008524188876934,
  "val_accuracy": 0.7989568515884305,
  "val_macro_f1": 0.7678420507049734,
  "run_id": "7d12718ed7f4442f966cbcb59bfd60b3"
}